Mois,Saison,Détail,1,2,3,4,5,6,7,8,9,10,11,12,13,14,15,16,17,18,19,20,21,22,23,24,25,26,27,28,29,30,31
Narwain,Hiver-milieu,Jour,1,2,3,4,5,6,7,8,9,10,11,12,13,14,15,16,17,18,19,20,21,22,23,24,25,26,27,28,29,30,
Narwain,Hiver-milieu,Météo,"Froid pénétrant","Ciel clair et glacial","Vent du nord piquant","Givre étincelant","Soleil bas et sans chaleur","Ciel de plomb","Atmosphère lourde","Froid humide","Brouillard givrant","Silence feutré","Neige fine et drue","Flocons légers","Paysage blanc","Vent tourbillonnant","Accumulations légères","Froid mordant","Nuit polaire","Verglas dangereux","Cristaux de glace","Air vif et pur","Éclaircies glaciales","Nuages bas","Grésil intermittent","Vent coupant","Givre épais sur les branches","Températures stables et basses","Ciel gris persistant","Nuits longues et sombres","Gelée blanche au sol","Immobilité hivernale",
Narwain,Hiver-milieu,Symbole,"🥶","☀️","💨","❄️","☀️","☁️","🌫️","🥶","🌫️","❄️","🌨️","❄️","⛄️","🌬️","🌨️","🥶","🌃","🧊","❄️","✨","🌤️","☁️","🌨️","💨","❄️","🥶","☁️","🌑","❄️","🥶",
Nínui,Hiver-fin,Jour,1,2,3,4,5,6,7,8,9,10,11,12,13,14,15,16,17,18,19,20,21,22,23,24,25,26,27,28,29,30,
Nínui,Hiver-fin,Météo,"Neige fondante","Flaques d'eau boueuse","Gouttes des toits","Soleil timide","Terre gorgée d'eau","Pluie froide et fine","Ciel larmoyant","Ruisseaux qui gonflent","Vent humide","Odeur de terre mouillée","Douceur surprenante","Soleil plus chaud","Fonte accélérée","Brouillard matinal se dissipant","Premiers chants d'oiseaux","Alternance pluie et soleil","Bourrasques de vent","Ciel changeant","Arcs-en-ciel éphémères","Nuits plus douces","Premiers bourgeons timides","Lumière qui s'allonge","Air frais et vivifiant","Sol qui s'assèche","Sensation de renouveau","Dernières gelées nocturnes","Journées claires","Vent d'ouest","Ruisseaux assagis","Ciel lavé par la pluie",
Nínui,Hiver-fin,Symbole,"🌨️","💧","💧","🌤️","💦","🌧️","🌧️","🌊","🌬️","🌱","🌥️","☀️","💧","🌫️","🐦","🌦️","💨","🌥️","🌈","🌙","🌱","🌅","✨","🌤️","🌱","🥶","☀️","💨","💧","🌦️",
Gwaeron,Printemps-début,Jour,1,2,3,4,5,6,7,8,9,10,11,12,13,14,15,16,17,18,19,20,21,22,23,24,25,26,27,28,29,30,
Gwaeron,Printemps-début,Météo,"Averse soudaine","Ciel menaçant puis bleu","Vent frais et tournoyant","Arc-en-ciel vif","Gouttes froides","Soleil perçant les nuages","Pluie drue et courte","Bourrasque humide","Terre détrempée","Lumière cristalline","Bourgeons qui éclatent","Vent doux et porteur d'odeurs","Rosée matinale abondante","Soleil printanier","Chants d'oiseaux plus forts","Prairies qui verdissent","Air vivifiant","Nuages blancs et rapides","Douceur de l'après-midi","Nuits encore fraîches","Journées plus longues","Ciel majoritairement clair","Brise légère","Chaleur timide","Moins de précipitations","Floraison des primevères","Sol qui se réchauffe","Lumière douce du soir","Calme avant l'explosion florale","Le printemps s'installe",
Gwaeron,Printemps-début,Symbole,"🌧️","🌦️","💨","🌈","💧","🌤️","🌧️","🌬️","💦","✨","🌱","🌬️","💧","☀️","🐦","🌿","💨","☁️","🌤️","🌙","🌅","☀️","🌬️","☀️","🌥️","🌸","🌱","🌇","🌱","🌿",
Gwirith,Printemps-milieu,Jour,1,2,3,4,5,6,7,8,9,10,11,12,13,14,15,16,17,18,19,20,21,22,23,24,25,26,27,28,29,30,
Gwirith,Printemps-milieu,Météo,"Parfum de lilas","Pollen doré dans l'air","Douceur enveloppante","Soleil généreux","Abeilles au travail","Prairies fleuries","Brise tiède","Ciel d'azur","Chants de merles","Verdure éclatante","Chaleur agréable","Journées longues et lumineuses","Nuits douces","Légers nuages cotonneux","Rosée scintillante","Papillons multicolores","Calme plat","Lumière dorée","Murmure du vent","Sérénité printanière","Averses de pluie tiède","Odeur de terre mouillée","Feuillage lavé et brillant","Soleil revenant rapidement","Orages de chaleur en soirée","Éclairs lointains","Tonnerre sourd","Air rafraîchi","Arcs-en-ciel doubles","Croissance visible",
Gwirith,Printemps-milieu,Symbole,"🌸","🌼","🌤️","☀️","🐝","🌷","🌬️","☀️","🐦","🌿","☀️","🌅","🌙","☁️","💧","🦋","🌬️","☀️","🍃","😌","🌧️","🌱","🌿","☀️","⛈️","⚡","🌩️","💨","🌈","🌱",
Lothron,Printemps-fin,Jour,1,2,3,4,5,6,7,8,9,10,11,12,13,14,15,16,17,18,19,20,21,22,23,24,25,26,27,28,29,30,31
Lothron,Printemps-fin,Météo,"Chaleur estivale précoce","Soleil intense à midi","Feuillage dense et sombre","Air sec","Besoin d'ombre","Chants des cigales","Nuits tièdes","Ciel sans nuages","Lézards au soleil","Sols qui craquellent","Ciel qui s'assombrit vite","Atmosphère lourde et électrique","Vent qui se lève soudainement","Gouttes grosses et espacées","Déluge bref et intense","Éclairs et tonnerre","Odeur d'ozone","Fraîcheur bienvenue","Flaques d'eau miroitantes","Calme retrouvé","Végétation exubérante","Parfums capiteux des fleurs","Chaleur humide","Moustiques en soirée","Lumière verte sous les arbres","Coucher de soleil flamboyant","Nuits étoilées et douces","Fin du printemps","Fruits qui se forment","Promesse de l'été","Chaleur stable",
Lothron,Printemps-fin,Symbole,"🔥","☀️","🌳","💨","🌳","🦗","🌙","☀️","🦎","🏜️","🌥️","⚡","🌬️","💧","🌧️","⛈️","💨","🌦️","💧","😌","🌿","🌺","🥵","🦟","🍃","🌇","🌌","🌱","🍓","☀️","☀️",
Nórui,Eté-début,Jour,1,2,3,4,5,6,7,8,9,10,11,12,13,14,15,16,17,18,19,20,21,22,23,24,25,26,27,28,29,30,31
Nórui,Eté-début,Météo,"Soleil de plomb implacable","Chaleur écrasante","Air vibrant","Ombres courtes et nettes","Recherche de la fraîcheur","Ciel d'un bleu profond","Terre poussiéreuse","Silence de l'après-midi","Grillons stridents","Nuits chaudes","Absence de pluie","Végétation qui jaunit","Rivières basses","Brise chaude et sèche","Mirages sur les chemins","Soleil brûlant","Besoin d'eau constant","Paysage assoupi","Poussière en suspension","Couchers de soleil rouges","Apogée de la chaleur","Journées interminables","Nuits courtes et tièdes","Étoiles filantes","Parfum de foin coupé","Chaleur nocturne","Lune brillante","Calme estival","Soleil éclatant dès l'aube","La nature attend la pluie","Air étouffant",
Nórui,Eté-début,Symbole,"☀️","🥵","🔥","☀️","🌳","☀️","🏜️","🤫","🦗","🌙","☀️","🌾","💧","🌬️","🌅","☀️","💧","😴","💨","🌇","🥵","🌅","🌙","🌠","🌾","🔥","🌕","😌","☀️","🏜️","🥵",
Cerveth,Eté-milieu,Jour,1,2,3,4,5,6,7,8,9,10,11,12,13,14,15,16,17,18,19,20,21,22,23,24,25,26,27,28,29,30,
Cerveth,Eté-milieu,Météo,"Chaleur accablante","Ciel d'un bleu laiteux","Air immobile","Soleil au zénith","Aucun nuage","Soif insatiable","Ombre rare et précieuse","Sueur perlant sur la peau","Activité réduite","Nuits étouffantes","Vent nul","Soleil blanc","Lenteur ambiante","Luminosité aveuglante","Chaleur rayonnante du sol","Brise nocturne bienvenue","Légère baisse des températures","Nuits plus respirables","Ciel étoilé magnifique","Voie Lactée visible","Chute de la température à l'aube","Air toujours sec en journée","Chaleur plus supportable","Espoir d'un orage","Lune rousse","Murmure du vent nocturne","Repos enfin possible","Ciel d'un bleu intense","Fin de la canicule",
Cerveth,Eté-milieu,Symbole,"🥵","🌤️","💨","☀️","☀️","💧","🌳","🥵","🚶‍♀️","🌃","🌬️","☀️","🚶‍♂️","☀️","🔥","🌬️","🌙","😌","🌌","✨","🌅","💨","🌤️","⛈️","🌕","🌬️","😴","☀️","😌",
Úrui,Eté-fin,Jour,1,2,3,4,5,6,7,8,9,10,11,12,13,14,15,16,17,18,19,20,21,22,23,24,25,26,27,28,29,30,
Úrui,Eté-fin,Météo,"Fruits gorgés de soleil","Odeurs de fruits mûrs","Brumes de chaleur","Air lourd","Températures très élevées","Abeilles et guêpes actives","Soleil cuisant","Vendanges précoces","Terre assoiffée","Feuilles qui tombent","Atmosphère orageuse","Nuages noirs à l'horizon","Vent violent et soudain","Pluie torrentielle","Grêle possible","Éclairs zébrant le ciel","Tonnerre assourdissant","Inondations éclairs","Fraîcheur intense","Terre qui boit avidement","Journées qui raccourcissent","Lumière matinale plus douce","Nuits sensiblement plus fraîches","Chaleur diurne encore forte","Premières brumes matinales","Air plus sec","Moins d'insectes","Ciel d'un bleu plus profond","Sensation de fin de saison","Calme avant l'automne",
Úrui,Eté-fin,Symbole,"🍓","🍇","🌫️","🥵","🔥","🐝","☀️","🍷","🏜️","🍂","⚡","☁️","🌬️","🌧️","🌨️","⚡","🌩️","🌊","💨","💧","🌅","🌤️","🌙","☀️","🌫️","💨","🦟","☀️","🍂","😌",
Ivanneth,Automne-début,Jour,1,2,3,4,5,6,7,8,9,10,11,12,13,14,15,16,17,18,19,20,21,22,23,24,25,26,27,28,29,30,
Ivanneth,Automne-début,Météo,"Journées chaudes et ensoleillées","Nuits fraîches","Lumière dorée et rasante","Ciel parfaitement clair","Air sec et vif","Toiles d'araignées","Couleurs chaudes du soir","Absence de vent","Dernières chaleurs","Sensation de plénitude","Premières feuilles jaunes et rouges","Forêts qui se parent de couleurs","Contraste avec le ciel bleu","Brise fraîche","Odeur de feuilles sèches","Récoltes abondantes","Matinées plus froides","Légères gelées blanches","Luminosité automnale","Paysages magnifiques","Brouillards matinaux persistants","Rosée abondante","Air qui devient humide","Premières pluies fines","Ciel qui se couvre","Odeur d'humus","Champignons qui poussent","Luminosité en baisse","Vent qui se lève","Fin de la douceur",
Ivanneth,Automne-début,Symbole,"☀️","🌙","🌇","☀️","💨","🕸️","🌅","🌬️","🔥","😌","🍂","🍁","☀️","🌬️","🍂","🍎","🥶","❄️","🌤️","🏞️","🌫️","💧","💧","🌧️","☁️","🍄","🍄","🌥️","🌬️","🍂",
Narbeleth,Automne-milieu,Jour,1,2,3,4,5,6,7,8,9,10,11,12,13,14,15,16,17,18,19,20,21,22,23,24,25,26,27,28,29,30,
Narbeleth,Automne-milieu,Météo,"Pluie fine et incessante","Ciel bas et gris","Brouillard épais","Visibilité réduite","Humidité pénétrante","Tapis de feuilles glissant","Odeur de décomposition végétale","Silence sous la pluie","Gouttes sur les vitres","Lumière faible et diffuse","Mélancolie automnale","Vent faible","Flaques d'eau partout","Arbres dégoulinants","Monde feutré","Vent qui forcit","Grandes rafales","Branches qui craquent","Feuilles mortes qui tourbillonnent","Pluie battante","Ciel tourmenté","Nuages rapides et sombres","Tempêtes automnales","Mer agitée","Baisse des températures","Sensation de froid","Arbres qui se dénudent","Le vent s'engouffre partout","Volets qui claquent","Force de la nature",
Narbeleth,Automne-milieu,Symbole,"🌧️","☁️","🌫️","🌫️","💧","🍂","🍂","🤫","💧","🌥️","😔","🌬️","💧","🌳","🤫","💨","🌬️","🌳","🍂","🌧️","☁️","☁️","⛈️","🌊","🥶","🥶","🌳","🌬️","🚪","💨",
Hithui,Automne-fin,Jour,1,2,3,4,5,6,7,8,9,10,11,12,13,14,15,16,17,18,19,20,21,22,23,24,25,26,27,28,29,30,
Hithui,Automne-fin,Météo,"Vent glacial du nord","Sensation de froid intense","Arbres squelettiques","Ciel d'un gris uniforme","Luminosité très faible","Pluies glacées","Bourrasques violentes","Dernières feuilles qui tombent","Paysage désolé","Nuits longues et froides","Premières gelées fortes","Sol durci par le gel","Flocons épars et humides","Neige qui ne tient pas","Atmosphère de fin d'année","Froid sec et piquant","Ciel qui s'éclaircit parfois","Soleil d'hiver pâle","Silence glacial","Attente de l'hiver","Températures négatives","Verglas matinal","Brouillard givrant","Journées très courtes","Nuits noires et profondes","Ciel clair et glacial la nuit","Étoiles brillantes et froides","La nature est en dormance","Froid persistant","L'hiver est là",
Hithui,Automne-fin,Symbole,"🌬️","🥶","🌳","☁️","🌥️","🌧️","💨","🍂","🏞️","🌃","🥶","🧊","❄️","🌨️","🤫","🥶","🌤️","☀️","🤫","⏳","🥶","🧊","🌫️","🌆","🌑","🌌","✨","😴","🥶","❄️",
Girithron,Hiver-début,Jour,1,2,3,4,5,6,7,8,9,10,11,12,13,14,15,16,17,18,19,20,21,22,23,24,25,26,27,28,29,30,
Girithron,Hiver-début,Météo,"Froid sec et mordant","Ciel bleu et glacial","Soleil bas et sans chaleur","Absence de vent","Gelées matinales sévères","Air pur et vif","Nuits étoilées et glaciales","Cheminées qui fument","Silence total","Cristaux de givre","Ciel qui se couvre","Neige abondante et légère","Paysage transformé","Flocons tourbillonnants","Manteau blanc épais","Silence assourdi par la neige","Arbres chargés de neige","Tempête de neige","Congères formées par le vent","Monde immobile et blanc","Froid polaire","Températures très basses","Verglas généralisé","Journées sombres","Nuits de gel intense","Le monde semble figé","Rivières prises par la glace","Dureté de l'hiver","Besoin de chaleur","Attente du solstice",
Girithron,Hiver-début,Symbole,"🥶","☀️","☀️","🌬️","🥶","✨","🌌","💨","🤫","❄️","☁️","🌨️","🏞️","❄️","⛄️","🤫","🌳","⛈️","🌬️","🏔️","🥶","🥶","🧊","🌆","🌃","🧊","🌊","🥶","🔥","☀️",

